YearMade,WallType,RoofType,NumOfBedrooms,StovenFuelType,HeatingEquipmentType,HeatingEquipmentAge,NumOfRoomsHeated,FuelUsedForWaterHeating,WaterHeaterSize,AirConditioning,NumOfRoomsCooled,NumOfWindows,TotalSquareHeated,TotalSquareCooled,ElectricityConsumption,HeatingEquipmentAge_num
1998,Wood,Wood Shingles,3,Natural Gas,Central Warm-Air Furnace,10-14 Years old,4,Natural Gas,Large,True,4,41,2736,2736,5148,12
1975,Concrete,Asphalt,3,Electricity,Heat Pump,5-9 Years old,6,Electricity,Medium,True,6,20,1952,1952,22928,7
1955,Siding,Asphalt,3,Electricity,Central Warm-Air Furnace,10-14 Years old,7,Natural Gas,Small,True,6,41,1365,1170,7474,12
1968,Wood,Asphalt,3,Natural Gas,Central Warm-Air Furnace,10-14 Years old,7,Natural Gas,Large,True,7,50,1935,1456,11807,12
1958,Stucco,Composition Shingles,4,Natural Gas,Central Warm-Air Furnace,15-19 Years old,6,Natural Gas,Medium,True,6,30,2768,2768,12200,17
1980,Wood,Composition Shingles,2,Electricity,Central Warm-Air Furnace,5-9 Years old,5,Electricity,Medium,True,5,30,1342,1342,3222,7
1964,Siding,Composition Shingles,4,Electricity,Central Warm-Air Furnace,15-19 Years old,4,Electricity,Medium,True,4,30,971,971,19950,17
1970,Wood,Composition Shingles,3,Electricity,Central Warm-Air Furnace,5-9 Years old,7,Natural Gas,Medium,True,7,41,3120,3120,7435,7
1995,Brick,Unknown,3,Electricity,Central Warm-Air Furnace,10-14 Years old,7,Electricity,Large,True,7,30,1260,1260,23414,12
1970,Brick,Composition Shingles,3,Natural Gas,Central Warm-Air Furnace,5-9 Years old,5,Natural Gas,Medium,True,5,41,1800,1800,10143,7
2000,Brick,Unknown,4,Electricity,Central Warm-Air Furnace,2-4 Years old,7,Natural Gas,Large,True,7,30,2831,2831,12634,3
1970,Brick,Unknown,2,Electricity,Central Warm-Air Furnace,2-4 Years old,4,Natural Gas,Large,True,4,30,834,834,4369,3
1984,Siding,Metal,3,Electricity,Central Warm-Air Furnace,>20 Years old,4,Electricity,Medium,True,4,30,896,896,22070,22
1985,Siding,Composition Shingles,3,Natural Gas,Central Warm-Air Furnace,>20 Years old,6,Natural Gas,Large,True,6,30,1420,1420,14517,22
1979,Brick,Composition Shingles,3,Electricity,Central Warm-Air Furnace,5-9 Years old,5,Electricity,Medium,True,5,41,1564,1564,12914,7
1999,Siding,Composition Shingles,3,Natural Gas,Central Warm-Air Furnace,10-14 Years old,5,Natural Gas,Medium,True,5,30,1372,1372,7151,12
2000,Brick,Composition Shingles,4,Electricity,Central Warm-Air Furnace,5-9 Years old,5,Natural Gas,Small,True,7,41,1714,2400,14668,7
1960,Brick,Asphalt,4,Electricity,Central Warm-Air Furnace,>20 Years old,6,Natural Gas,Small,True,5,41,1200,1200,16186,22
1963,Brick,Metal,3,Electricity,Central Warm-Air Furnace,5-9 Years old,5,Natural Gas,Medium,True,5,50,1842,1842,9728,7
1995,Siding,Composition Shingles,3,Electricity,Central Warm-Air Furnace,15-19 Years old,6,Natural Gas,Small,True,6,30,2301,1576,6842,17
2005,Brick,Composition Shingles,2,Electricity,Central Warm-Air Furnace,2-4 Years old,2,Electricity,Medium,True,2,20,847,847,20840,3
1970,Brick,Composition Shingles,2,Natural Gas,Central Warm-Air Furnace,<2 Years old,4,Electricity,Large,True,4,30,800,800,7508,1
1994,Brick,Composition Shingles,4,Electricity,Central Warm-Air Furnace,15-19 Years old,6,Electricity,Medium,True,6,30,2312,2312,18628,17
1967,Brick,Unknown,2,Natural Gas,Central Warm-Air Furnace,5-9 Years old,4,Natural Gas,Large,True,4,20,999,999,6727,7
1949,Brick,Asphalt,4,Natural Gas,Central Warm-Air Furnace,>20 Years old,7,Natural Gas,Small,True,7,41,1614,1614,7383,22
1972,Brick,Composition Shingles,3,Electricity,Heat Pump,5-9 Years old,7,Electricity,Large,True,7,41,1572,1572,13292,7
1960,Brick,Composition Shingles,3,Electricity,Central Warm-Air Furnace,5-9 Years old,6,Natural Gas,Medium,True,6,30,2480,1328,5453,7
1995,Stucco,Wood Shingles,3,-,Central Warm-Air Furnace,5-9 Years old,7,Natural Gas,Large,True,7,41,1292,1292,4847,7
1986,Brick,Composition Shingles,3,-,Central Warm-Air Furnace,2-4 Years old,6,Electricity,Large,True,6,41,1862,1862,18563,3
1970,Wood,Asphalt,3,Electricity,Central Warm-Air Furnace,<2 Years old,5,Electricity,Medium,True,5,42,1304,1563,22836,1
1963,Siding,Asphalt,3,Natural Gas,Central Warm-Air Furnace,<2 Years old,6,Natural Gas,Medium,True,5,41,2005,1070,6719,1
2000,Siding,Asphalt,3,Electricity,Central Warm-Air Furnace,5-9 Years old,5,Electricity,Medium,True,5,30,1232,1232,17144,7
1990,Siding,Composition Shingles,2,Electricity,Heat Pump,2-4 Years old,3,Electricity,Medium,True,3,41,940,940,13644,3
1991,Concrete,Wood Shingles,3,Electricity,Central Warm-Air Furnace,2-4 Years old,5,Electricity,Small,True,5,20,1835,1835,10114,3
1986,Stucco,Unknown,2,Electricity,Central Warm-Air Furnace,>20 Years old,5,Natural Gas,Small,True,5,20,827,827,8936,22
1980,Brick,Wood Shingles,4,Electricity,Central Warm-Air Furnace,>20 Years old,8,Electricity,Large,True,8,30,1697,1697,23981,22
1972,Brick,Composition Shingles,3,-,Central Warm-Air Furnace,5-9 Years old,7,Electricity,Medium,True,7,41,1392,1392,11797,7
1940,Siding,Composition Shingles,2,Natural Gas,Central Warm-Air Furnace,>20 Years old,5,Natural Gas,Small,True,5,30,1578,1578,10928,22
1982,Brick,Asphalt,4,-,Central Warm-Air Furnace,10-14 Years old,7,Natural Gas,Medium,True,7,41,1880,1880,28797,12
1970,Siding,Composition Shingles,2,Electricity,Central Warm-Air Furnace,10-14 Years old,4,Electricity,Large,True,4,30,840,840,28058,12
1988,Stucco,Unknown,3,Natural Gas,Central Warm-Air Furnace,<2 Years old,2,Natural Gas,Medium,True,5,20,421,1053,5649,1
2003,Siding,Composition Shingles,4,Electricity,Central Warm-Air Furnace,5-9 Years old,6,Natural Gas,Medium,True,6,41,3561,3561,13559,7
1970,Brick,Composition Shingles,3,-,Central Warm-Air Furnace,>20 Years old,6,Natural Gas,Large,True,6,30,1344,1344,14598,22
1953,Brick,Composition Shingles,3,Electricity,Central Warm-Air Furnace,10-14 Years old,6,Electricity,Medium,True,6,41,2992,2992,14943,12
1952,Siding,Composition Shingles,3,Electricity,Central Warm-Air Furnace,15-19 Years old,7,Natural Gas,Medium,True,7,41,1374,1374,7089,17
1980,Siding,Unknown,3,Electricity,Central Warm-Air Furnace,2-4 Years old,6,Electricity,Medium,True,6,30,1362,1362,13374,3
1960,Brick,Composition Shingles,3,Natural Gas,Central Warm-Air Furnace,>20 Years old,2,Natural Gas,Small,True,5,50,480,1201,11481,22
1971,Siding,Composition Shingles,4,Electricity,Central Warm-Air Furnace,>20 Years old,7,Electricity,Medium,True,7,50,2071,2071,10802,22
2004,Wood,Composition Shingles,3,Electricity,Central Warm-Air Furnace,5-9 Years old,7,Natural Gas,Medium,True,7,30,1545,1545,13161,7
1982,Brick,Wood Shingles,4,Electricity,Central Warm-Air Furnace,2-4 Years old,7,Electricity,Medium,True,7,30,1900,1900,29395,3
2000,Brick,Asphalt,2,Electricity,Central Warm-Air Furnace,5-9 Years old,5,Electricity,Medium,True,5,20,1183,1183,16164,7
1950,Brick,Composition Shingles,2,Electricity,Central Warm-Air Furnace,5-9 Years old,4,Natural Gas,Small,True,4,42,1499,1499,7060,7
1960,Siding,Asphalt,4,-,Central Warm-Air Furnace,2-4 Years old,4,Natural Gas,Small,True,4,41,989,989,4750,3
1953,Stucco,Composition Shingles,2,Natural Gas,Central Warm-Air Furnace,5-9 Years old,6,Natural Gas,Medium,True,6,42,1966,1966,18944,7
1974,Wood,Composition Shingles,4,Electricity,Central Warm-Air Furnace,5-9 Years old,7,Natural Gas,Large,True,7,30,2042,2042,13127,7
1990,Siding,Composition Shingles,3,Electricity,Heat Pump,<2 Years old,6,Electricity,Small,True,6,41,1688,1688,20510,1
1955,Brick,Composition Shingles,3,Electricity,Central Warm-Air Furnace,>20 Years old,5,Natural Gas,Medium,True,5,30,1310,1310,5433,22
1954,Siding,Composition Shingles,3,Natural Gas,Central Warm-Air Furnace,10-14 Years old,5,Natural Gas,Large,True,5,41,1176,1176,11196,12
1988,Wood,Composition Shingles,4,Electricity,Central Warm-Air Furnace,2-4 Years old,8,Natural Gas,Medium,True,8,41,3502,3502,8075,3
1950,Siding,Composition Shingles,2,Electricity,Central Warm-Air Furnace,2-4 Years old,5,Electricity,Medium,True,5,30,834,834,21857,3
1986,Stucco,Asphalt,3,Electricity,Heat Pump,2-4 Years old,8,Electricity,Medium,True,8,41,2732,3132,11963,3
2002,Siding,Asphalt,3,Electricity,Central Warm-Air Furnace,5-9 Years old,6,Natural Gas,Large,True,7,41,3155,1433,15502,7
1978,Wood,Asphalt,3,-,Central Warm-Air Furnace,5-9 Years old,6,Natural Gas,Medium,True,6,41,2512,2512,13974,7
1965,Wood,Composition Shingles,3,Electricity,Central Warm-Air Furnace,5-9 Years old,6,Natural Gas,Medium,True,6,41,2320,2320,10317,7
1968,Siding,Composition Shingles,3,Natural Gas,Central Warm-Air Furnace,5-9 Years old,6,Natural Gas,Large,True,7,42,1666,1944,18038,7
1959,Siding,Asphalt,3,Electricity,Central Warm-Air Furnace,>20 Years old,5,Natural Gas,Medium,True,5,41,1920,1920,2501,22
1998,Wood,Composition Shingles,2,Electricity,Central Warm-Air Furnace,10-14 Years old,4,Electricity,Small,True,4,30,1606,1606,12694,12
1988,Brick,Composition Shingles,3,Electricity,Heat Pump,>20 Years old,6,Electricity,Large,True,6,30,1820,1820,23075,22
2004,Siding,Composition Shingles,2,Electricity,Central Warm-Air Furnace,5-9 Years old,6,Electricity,Small,True,6,41,1680,1680,12322,7
1950,Siding,Composition Shingles,3,Electricity,Central Warm-Air Furnace,10-14 Years old,6,Natural Gas,Medium,True,6,41,1104,1104,10333,12
1980,Brick,Wood Shingles,4,Electricity,Central Warm-Air Furnace,>20 Years old,7,Electricity,Medium,True,7,30,3179,1802,13820,22
1980,Stucco,Asphalt,3,Electricity,Central Warm-Air Furnace,>20 Years old,5,Electricity,Large,True,5,30,2234,2234,10081,22
2001,Brick,Asphalt,3,Natural Gas,Central Warm-Air Furnace,10-14 Years old,8,Natural Gas,Medium,True,8,42,2336,2336,7549,12
1959,Siding,Asphalt,3,Natural Gas,Central Warm-Air Furnace,15-19 Years old,6,Natural Gas,Large,True,6,41,1976,1976,5614,17
1952,Siding,Composition Shingles,2,Natural Gas,Central Warm-Air Furnace,10-14 Years old,7,Natural Gas,Large,True,6,20,1976,1838,14664,12
1925,Brick,Asphalt,3,Natural Gas,Central Warm-Air Furnace,>20 Years old,6,Natural Gas,Medium,True,6,30,1139,1139,11437,22
1951,Brick,Composition Shingles,3,Electricity,Central Warm-Air Furnace,10-14 Years old,4,Natural Gas,Small,True,4,30,689,689,7452,12
1998,Siding,Metal,2,Electricity,Central Warm-Air Furnace,10-14 Years old,3,Natural Gas,Medium,True,3,20,1080,1080,9083,12
1985,Stucco,Unknown,2,Natural Gas,Central Warm-Air Furnace,5-9 Years old,4,Natural Gas,Medium,True,4,20,932,932,4225,7
1993,Stucco,Wood Shingles,2,Electricity,Central Warm-Air Furnace,10-14 Years old,4,Electricity,Medium,True,4,30,1200,1200,18471,12
1991,Brick,Composition Shingles,4,Natural Gas,Central Warm-Air Furnace,10-14 Years old,6,Natural Gas,Medium,True,6,41,1946,1946,7683,12
1995,Siding,Asphalt,4,Natural Gas,Central Warm-Air Furnace,10-14 Years old,8,Natural Gas,Large,True,8,42,3220,3220,12067,12
1990,Wood,Composition Shingles,3,Electricity,Central Warm-Air Furnace,15-19 Years old,6,Electricity,Medium,True,6,30,1867,1867,14273,17
1998,Stucco,Unknown,2,Electricity,Central Warm-Air Furnace,<2 Years old,5,Electricity,Medium,True,5,30,1318,1318,4971,1
1990,Stucco,Composition Shingles,4,Natural Gas,Central Warm-Air Furnace,>20 Years old,7,Natural Gas,Small,True,7,30,1630,1630,24859,22
1994,Brick,Composition Shingles,3,Electricity,Central Warm-Air Furnace,10-14 Years old,5,Electricity,Medium,True,5,30,1125,1125,13835,12
1979,Stucco,Asphalt,3,Electricity,Central Warm-Air Furnace,5-9 Years old,6,Electricity,Medium,True,5,30,1556,1556,3518,7
1986,Stucco,Composition Shingles,3,-,Central Warm-Air Furnace,2-4 Years old,7,Natural Gas,Medium,True,7,30,2372,2372,5531,3
1994,Siding,Composition Shingles,3,Electricity,Central Warm-Air Furnace,15-19 Years old,6,Natural Gas,Medium,True,6,50,2680,2680,13975,17
1980,Brick,Wood Shingles,2,Electricity,Heat Pump,<2 Years old,4,Electricity,Medium,True,4,30,1001,1001,7476,1
1952,Brick,Composition Shingles,3,Natural Gas,Central Warm-Air Furnace,10-14 Years old,6,Natural Gas,Medium,True,6,30,1073,1073,6260,12
1989,Wood,Composition Shingles,3,-,Central Warm-Air Furnace,>20 Years old,5,Natural Gas,Medium,True,5,50,2605,2605,8894,22
1995,Siding,Asphalt,3,Electricity,Central Warm-Air Furnace,10-14 Years old,7,Electricity,Medium,True,4,41,1617,924,14973,12
1979,Siding,Composition Shingles,3,Electricity,Central Warm-Air Furnace,5-9 Years old,7,Natural Gas,Medium,True,7,41,1136,1136,15158,7
1987,Brick,Composition Shingles,4,-,Central Warm-Air Furnace,10-14 Years old,8,Natural Gas,Large,True,8,50,3161,3161,16420,12
1979,Wood,Composition Shingles,3,Natural Gas,Central Warm-Air Furnace,>20 Years old,6,Natural Gas,Large,True,6,41,1616,1280,9905,22
1975,Brick,Composition Shingles,3,Natural Gas,Central Warm-Air Furnace,5-9 Years old,6,Natural Gas,Medium,True,6,30,1466,1466,8622,7
1960,Stucco,Composition Shingles,3,Natural Gas,Central Warm-Air Furnace,<2 Years old,5,Natural Gas,Medium,True,5,41,1808,1808,9427,1
1986,Brick,Unknown,3,Electricity,Central Warm-Air Furnace,5-9 Years old,6,Natural Gas,Large,True,6,20,1639,1639,13470,7
1990,Concrete,Unknown,2,Electricity,Central Warm-Air Furnace,2-4 Years old,4,Natural Gas,Small,True,4,30,1026,1026,4067,3
1995,Siding,Composition Shingles,3,Natural Gas,Central Warm-Air Furnace,10-14 Years old,5,Natural Gas,Medium,True,5,41,1216,1216,9814,12
1980,Siding,Unknown,2,Electricity,Central Warm-Air Furnace,>20 Years old,4,Electricity,Small,True,4,20,1096,1096,14505,22
1983,Wood,Composition Shingles,2,Electricity,Central Warm-Air Furnace,2-4 Years old,4,Electricity,Medium,True,4,41,1984,1984,15571,3
1958,Brick,Wood Shingles,3,Electricity,Central Warm-Air Furnace,10-14 Years old,7,Electricity,Medium,True,7,50,2006,2006,22567,12
1998,Siding,Unknown,2,Electricity,Central Warm-Air Furnace,10-14 Years old,3,Electricity,Small,True,3,20,766,766,6161,12
1960,Concrete,Composition Shingles,2,-,Heat Pump,10-14 Years old,6,Electricity,Medium,True,6,42,1220,1220,9621,12
2005,Brick,Composition Shingles,2,Electricity,Heat Pump,5-9 Years old,3,Electricity,Medium,True,3,20,1055,1055,10965,7
1993,Brick,Composition Shingles,2,Natural Gas,Central Warm-Air Furnace,>20 Years old,5,Natural Gas,Medium,True,5,30,1259,1259,5751,22
1967,Siding,Composition Shingles,3,Electricity,Heat Pump,<2 Years old,6,Natural Gas,Medium,True,6,30,1332,1332,11538,1
1964,Wood,Asphalt,3,-,Central Warm-Air Furnace,15-19 Years old,5,Natural Gas,Medium,True,5,41,2820,2820,11271,17
1958,Siding,Asphalt,3,Natural Gas,Central Warm-Air Furnace,2-4 Years old,6,Natural Gas,Medium,True,6,41,1896,1896,7003,3
1996,Wood,Metal,3,Electricity,Central Warm-Air Furnace,10-14 Years old,5,Electricity,Medium,True,5,41,1437,1437,24563,12
1972,Brick,Composition Shingles,3,Electricity,Heat Pump,15-19 Years old,6,Electricity,Medium,True,6,30,1820,1820,27328,17
1980,Stucco,Composition Shingles,4,Natural Gas,Central Warm-Air Furnace,<2 Years old,7,Natural Gas,Medium,True,7,41,1800,1800,9362,1
1943,Siding,Asphalt,3,Natural Gas,Central Warm-Air Furnace,10-14 Years old,6,Natural Gas,Medium,True,6,50,3088,3088,13830,12
1994,Siding,Asphalt,4,Electricity,Central Warm-Air Furnace,2-4 Years old,7,Electricity,Large,True,7,41,2049,2049,17055,3
2001,Brick,Composition Shingles,3,Electricity,Central Warm-Air Furnace,5-9 Years old,5,Electricity,Medium,True,5,30,1155,1155,10626,7
1982,Wood,Composition Shingles,2,Electricity,Central Warm-Air Furnace,15-19 Years old,5,Natural Gas,Small,True,5,30,586,586,5960,17
1987,Siding,Composition Shingles,3,Electricity,Central Warm-Air Furnace,>20 Years old,6,Natural Gas,Medium,True,6,41,1955,1955,4210,22
1960,Wood,Composition Shingles,3,-,Central Warm-Air Furnace,<2 Years old,6,Electricity,Medium,True,6,30,2720,2720,7337,1
2000,Siding,Asphalt,4,Natural Gas,Central Warm-Air Furnace,10-14 Years old,7,Electricity,Large,True,7,50,2012,2012,12302,12
1950,Brick,Wood Shingles,3,Natural Gas,Central Warm-Air Furnace,10-14 Years old,5,Natural Gas,Large,True,5,30,1956,1956,8272,12
1971,Siding,Asphalt,2,Electricity,Central Warm-Air Furnace,2-4 Years old,6,Electricity,Medium,True,6,41,1728,1728,15425,3
1990,Wood,Unknown,3,Electricity,Central Warm-Air Furnace,15-19 Years old,5,Electricity,Large,True,5,20,1325,1325,10998,17
2003,Concrete,Unknown,3,Electricity,Central Warm-Air Furnace,5-9 Years old,4,Electricity,Medium,True,4,42,1456,1456,9848,7
1973,Brick,Composition Shingles,4,Electricity,Central Warm-Air Furnace,<2 Years old,8,Electricity,Large,True,8,30,2958,2958,27391,1
1995,Siding,Asphalt,3,Natural Gas,Central Warm-Air Furnace,5-9 Years old,5,Natural Gas,Medium,True,5,41,1820,1820,8267,7
1978,Stucco,Wood Shingles,3,Electricity,Heat Pump,2-4 Years old,6,Electricity,Medium,True,6,30,1875,1875,4756,3
1950,Brick,Composition Shingles,3,Electricity,Central Warm-Air Furnace,15-19 Years old,7,Natural Gas,Large,True,7,41,1344,1344,9623,17
1955,Siding,Composition Shingles,3,Electricity,Central Warm-Air Furnace,<2 Years old,7,Natural Gas,Medium,True,7,41,1512,1512,10490,1
1986,Stucco,Composition Shingles,4,Natural Gas,Central Warm-Air Furnace,>20 Years old,7,Natural Gas,Large,True,7,41,2204,2204,16327,22
1977,Siding,Composition Shingles,4,Electricity,Central Warm-Air Furnace,>20 Years old,7,Natural Gas,Large,True,7,30,417,417,3884,22
1990,Wood,Composition Shingles,3,Electricity,Central Warm-Air Furnace,2-4 Years old,4,Electricity,Medium,True,4,20,1538,1538,23070,3
1955,Brick,Composition Shingles,2,Electricity,Central Warm-Air Furnace,5-9 Years old,5,Natural Gas,Small,True,5,41,1430,1144,2724,7
1955,Siding,Composition Shingles,3,Electricity,Central Warm-Air Furnace,15-19 Years old,7,Electricity,Medium,True,7,50,1359,1359,9897,17
2004,Siding,Composition Shingles,3,Electricity,Central Warm-Air Furnace,5-9 Years old,5,Electricity,Medium,True,5,30,860,860,8507,7
1943,Wood,Composition Shingles,2,Natural Gas,Central Warm-Air Furnace,>20 Years old,4,Natural Gas,Medium,True,3,41,740,555,10894,22
1976,Siding,Metal,2,Electricity,Central Warm-Air Furnace,10-14 Years old,4,Electricity,Small,True,4,30,1008,1008,16984,12
2005,Siding,Composition Shingles,3,Electricity,Central Warm-Air Furnace,2-4 Years old,7,Electricity,Medium,True,7,30,1800,1800,9232,3
1974,Brick,Asphalt,4,Electricity,Central Warm-Air Furnace,5-9 Years old,6,Natural Gas,Small,True,6,41,1607,1607,11494,7
1972,Wood,Composition Shingles,4,Natural Gas,Central Warm-Air Furnace,2-4 Years old,7,Natural Gas,Medium,True,7,50,1916,1916,7738,3
2003,Stucco,Composition Shingles,3,Electricity,Central Warm-Air Furnace,5-9 Years old,6,Electricity,Large,True,6,41,1680,1680,14133,7
1978,Brick,Composition Shingles,3,Natural Gas,Central Warm-Air Furnace,10-14 Years old,6,Natural Gas,Medium,True,6,30,1888,1888,8450,12
2003,Siding,Asphalt,3,Electricity,Central Warm-Air Furnace,5-9 Years old,5,Electricity,Medium,True,5,41,2590,2590,20078,7
1965,Brick,Composition Shingles,3,Natural Gas,Central Warm-Air Furnace,10-14 Years old,6,Natural Gas,Large,True,6,41,1570,1570,27644,12
1978,Siding,Composition Shingles,2,Electricity,Heat Pump,5-9 Years old,6,Electricity,Large,True,6,30,1692,1692,10822,7
1965,Brick,Composition Shingles,3,Natural Gas,Central Warm-Air Furnace,2-4 Years old,7,Electricity,Small,True,7,41,1778,1778,12926,3
1987,Wood,Composition Shingles,2,Electricity,Heat Pump,2-4 Years old,6,Electricity,Medium,True,6,30,3007,3007,13181,3
2004,Concrete,Asphalt,3,Electricity,Central Warm-Air Furnace,5-9 Years old,6,Electricity,Medium,True,6,30,1922,1922,19427,7
1966,Concrete,Composition Shingles,3,Electricity,Central Warm-Air Furnace,5-9 Years old,7,Electricity,Medium,True,7,41,1848,1848,19697,7
1975,Brick,Unknown,2,Electricity,Central Warm-Air Furnace,>20 Years old,6,Natural Gas,Medium,True,6,30,1753,1753,4922,22
1986,Siding,Composition Shingles,2,Natural Gas,Central Warm-Air Furnace,>20 Years old,4,Natural Gas,Small,True,4,41,1684,1284,8957,22
1971,Siding,Composition Shingles,2,Electricity,Central Warm-Air Furnace,<2 Years old,3,Natural Gas,Small,True,3,30,702,702,4284,1
1957,Siding,Composition Shingles,4,Natural Gas,Central Warm-Air Furnace,5-9 Years old,9,Natural Gas,Small,True,5,42,1855,824,11628,7
1982,Brick,Asphalt,3,Electricity,Central Warm-Air Furnace,5-9 Years old,3,Electricity,Large,True,2,41,1045,697,9285,7
1957,Siding,Composition Shingles,3,Electricity,Central Warm-Air Furnace,10-14 Years old,7,Natural Gas,Medium,True,7,41,1280,1280,12016,12
2002,Siding,Composition Shingles,3,Natural Gas,Central Warm-Air Furnace,5-9 Years old,6,Natural Gas,Medium,True,4,41,1680,1120,27600,7
1965,Brick,Asphalt,3,Electricity,Heat Pump,5-9 Years old,7,Electricity,Large,True,7,50,1925,1925,16254,7
1968,Siding,Composition Shingles,3,Electricity,Central Warm-Air Furnace,>20 Years old,5,Natural Gas,Medium,True,5,41,2920,2920,7265,22
1972,Siding,Asphalt,2,Electricity,Central Warm-Air Furnace,>20 Years old,4,Natural Gas,Large,True,4,41,1264,1264,2943,22
1979,Stucco,Composition Shingles,3,Natural Gas,Central Warm-Air Furnace,10-14 Years old,6,Natural Gas,Medium,True,6,41,2550,1275,7366,12
2000,Siding,Composition Shingles,3,Natural Gas,Central Warm-Air Furnace,5-9 Years old,6,Natural Gas,Medium,True,6,42,1392,1392,18609,7
1988,Brick,Metal,3,Electricity,Central Warm-Air Furnace,5-9 Years old,7,Electricity,Medium,True,7,30,1151,1151,12810,7
1978,Brick,Composition Shingles,3,Electricity,Heat Pump,10-14 Years old,8,Electricity,Medium,True,8,41,2925,2925,12748,12
1965,Brick,Composition Shingles,3,Natural Gas,Central Warm-Air Furnace,10-14 Years old,6,Natural Gas,Medium,True,6,41,1650,1650,14590,12
1985,Siding,Composition Shingles,2,Electricity,Central Warm-Air Furnace,>20 Years old,4,Natural Gas,Medium,True,4,41,815,815,4428,22
1972,Stucco,Composition Shingles,4,Natural Gas,Central Warm-Air Furnace,10-14 Years old,8,Natural Gas,Medium,True,8,41,2620,2620,9240,12
1930,Wood,Asphalt,2,Electricity,Central Warm-Air Furnace,>20 Years old,4,Natural Gas,Medium,True,4,41,2176,1088,8298,22
1972,Brick,Wood Shingles,3,Electricity,Heat Pump,15-19 Years old,5,Electricity,Medium,True,5,30,891,891,16909,17
1996,Brick,Unknown,2,Electricity,Central Warm-Air Furnace,5-9 Years old,4,Electricity,Medium,True,4,20,1024,1024,9333,7
1946,Siding,Composition Shingles,3,Electricity,Heat Pump,10-14 Years old,7,Electricity,Medium,True,7,41,1681,1681,18263,12
1959,Siding,Asphalt,2,Electricity,Central Warm-Air Furnace,10-14 Years old,4,Natural Gas,Medium,True,4,42,2480,2480,4976,12
1990,Siding,Metal,3,Electricity,Heat Pump,5-9 Years old,6,Electricity,Small,True,6,30,1176,1176,20770,7
1994,Wood,Composition Shingles,3,Electricity,Central Warm-Air Furnace,15-19 Years old,6,Natural Gas,Medium,True,6,30,2412,2412,7889,17
1979,Wood,Metal,2,Natural Gas,Central Warm-Air Furnace,2-4 Years old,4,Natural Gas,Medium,True,3,30,660,495,14232,3
2005,Siding,Composition Shingles,3,Natural Gas,Central Warm-Air Furnace,5-9 Years old,6,Natural Gas,Small,True,6,41,2096,2096,10053,7
1966,Siding,Composition Shingles,3,Natural Gas,Central Warm-Air Furnace,<2 Years old,5,Natural Gas,Medium,True,5,30,1862,1862,11123,1
1985,Wood,Unknown,2,Natural Gas,Central Warm-Air Furnace,5-9 Years old,4,Natural Gas,Medium,True,4,20,818,818,8989,7
1977,Brick,Composition Shingles,3,Natural Gas,Central Warm-Air Furnace,>20 Years old,5,Natural Gas,Small,True,5,30,1420,1420,4478,22
1971,Wood,Composition Shingles,4,Electricity,Heat Pump,5-9 Years old,6,Electricity,Large,True,8,42,1402,2893,24115,7
1963,Wood,Metal,3,Electricity,Central Warm-Air Furnace,5-9 Years old,3,Natural Gas,Medium,True,4,41,1216,1538,18216,7
2004,Stucco,Composition Shingles,4,Natural Gas,Central Warm-Air Furnace,5-9 Years old,8,Natural Gas,Medium,True,8,41,1668,1668,16906,7
1927,Wood,Metal,3,Natural Gas,Heat Pump,5-9 Years old,7,Natural Gas,Medium,True,7,42,1410,1410,14263,7
1986,Siding,Metal,2,Electricity,Central Warm-Air Furnace,>20 Years old,5,Natural Gas,Medium,True,5,30,1272,1272,3686,22
1998,Siding,Composition Shingles,2,Electricity,Central Warm-Air Furnace,10-14 Years old,5,Electricity,Medium,True,5,41,2663,2663,16143,12
1960,Siding,Asphalt,3,Electricity,Central Warm-Air Furnace,10-14 Years old,6,Natural Gas,Medium,True,6,41,2555,2555,11666,12
2003,Concrete,Composition Shingles,3,Electricity,Central Warm-Air Furnace,5-9 Years old,5,Electricity,Large,True,5,30,1286,1286,12851,7
1990,Brick,Composition Shingles,3,Electricity,Heat Pump,2-4 Years old,6,Electricity,Medium,True,6,41,2235,2235,23757,3
1993,Wood,Composition Shingles,3,Electricity,Heat Pump,15-19 Years old,7,Electricity,Medium,True,7,30,1260,1260,13569,17
1949,Siding,Asphalt,2,Electricity,Central Warm-Air Furnace,10-14 Years old,4,Natural Gas,Large,True,4,41,600,600,10042,12
1956,Brick,Composition Shingles,3,Electricity,Central Warm-Air Furnace,10-14 Years old,5,Electricity,Medium,True,5,42,2290,2290,14779,12
1990,Siding,Unknown,2,Natural Gas,Central Warm-Air Furnace,15-19 Years old,6,Natural Gas,Medium,True,6,41,1359,1359,5428,17
1975,Siding,Asphalt,2,Electricity,Heat Pump,>20 Years old,4,Electricity,Small,True,4,30,3680,1680,25800,22
1955,Brick,Composition Shingles,3,Natural Gas,Central Warm-Air Furnace,10-14 Years old,7,Natural Gas,Medium,True,6,41,3502,1833,11802,12
2005,Siding,Composition Shingles,3,Natural Gas,Central Warm-Air Furnace,5-9 Years old,4,Natural Gas,Small,True,4,30,997,997,7450,7
1965,Stucco,Unknown,2,Electricity,Central Warm-Air Furnace,2-4 Years old,4,Electricity,Medium,True,4,30,850,850,5380,3
1977,Brick,Asphalt,4,-,Heat Pump,<2 Years old,8,Electricity,Large,True,8,41,2806,2806,15167,1
2005,Siding,Asphalt,3,Electricity,Central Warm-Air Furnace,5-9 Years old,6,Electricity,Medium,True,6,41,1863,1863,19218,7
1998,Brick,Composition Shingles,3,Electricity,Central Warm-Air Furnace,5-9 Years old,6,Electricity,Large,True,6,41,1716,1716,15969,7
1985,Siding,Composition Shingles,3,Electricity,Central Warm-Air Furnace,>20 Years old,4,Natural Gas,Medium,True,3,41,1062,797,6595,22
1950,Brick,Composition Shingles,4,Natural Gas,Central Warm-Air Furnace,5-9 Years old,6,Natural Gas,Small,True,6,41,1864,1864,4028,7
1974,Siding,Composition Shingles,3,Natural Gas,Central Warm-Air Furnace,5-9 Years old,5,Natural Gas,Medium,True,2,30,3238,935,8526,7
1962,Wood,Composition Shingles,3,Natural Gas,Central Warm-Air Furnace,<2 Years old,6,Natural Gas,Medium,True,6,41,963,963,6781,1
1960,Siding,Unknown,3,Electricity,Central Warm-Air Furnace,10-14 Years old,6,Electricity,Medium,True,6,30,1656,1656,9956,12
1958,Siding,Composition Shingles,3,Electricity,Central Warm-Air Furnace,<2 Years old,7,Natural Gas,Medium,True,7,42,2744,1829,8520,1
1989,Wood,Composition Shingles,2,Natural Gas,Central Warm-Air Furnace,5-9 Years old,4,Electricity,Medium,True,4,50,1411,1411,9002,7
2005,Siding,Composition Shingles,3,Electricity,Central Warm-Air Furnace,5-9 Years old,6,Electricity,Medium,True,6,42,1568,1568,20893,7
1959,Stucco,Composition Shingles,3,-,Central Warm-Air Furnace,>20 Years old,6,Natural Gas,Large,True,4,41,1530,1020,4050,22
1966,Stucco,Composition Shingles,4,Natural Gas,Central Warm-Air Furnace,>20 Years old,7,Electricity,Medium,True,7,41,2016,2016,15944,22
2005,Siding,Composition Shingles,3,Electricity,Heat Pump,2-4 Years old,6,Electricity,Medium,True,6,30,2302,2302,14869,3
1976,Brick,Composition Shingles,2,Electricity,Central Warm-Air Furnace,5-9 Years old,6,Electricity,Small,True,6,30,2432,2432,8807,7
1996,Siding,Composition Shingles,2,Natural Gas,Central Warm-Air Furnace,10-14 Years old,4,Natural Gas,Large,True,4,41,2835,2190,4182,12
1972,Brick,Composition Shingles,2,Electricity,Central Warm-Air Furnace,15-19 Years old,5,Electricity,Medium,True,5,41,1872,1872,19243,17
1989,Brick,Composition Shingles,4,Electricity,Central Warm-Air Furnace,10-14 Years old,8,Natural Gas,Large,True,6,41,1705,848,13438,12
1975,Stucco,Composition Shingles,3,Natural Gas,Central Warm-Air Furnace,>20 Years old,5,Natural Gas,Medium,True,5,20,1490,1490,7748,22
1980,Siding,Composition Shingles,4,Electricity,Central Warm-Air Furnace,10-14 Years old,5,Electricity,Medium,True,5,42,1271,1271,7776,12
1996,Siding,Metal,3,Electricity,Central Warm-Air Furnace,10-14 Years old,3,Electricity,Medium,True,5,41,638,1064,8779,12
1962,Brick,Composition Shingles,3,Natural Gas,Central Warm-Air Furnace,2-4 Years old,7,Natural Gas,Medium,True,7,41,2223,2223,10037,3
1950,Brick,Composition Shingles,3,Natural Gas,Central Warm-Air Furnace,15-19 Years old,6,Natural Gas,Medium,True,6,41,1845,1845,10761,17
1980,Siding,Composition Shingles,3,Electricity,Central Warm-Air Furnace,5-9 Years old,6,Electricity,Large,True,6,41,980,980,28935,7
1970,Stucco,Unknown,2,Electricity,Central Warm-Air Furnace,5-9 Years old,4,Electricity,Small,True,4,20,1004,1004,4773,7
1971,Brick,Composition Shingles,4,Natural Gas,Central Warm-Air Furnace,2-4 Years old,8,Natural Gas,Medium,True,8,30,2440,2440,25907,3
1978,Wood,Unknown,2,Electricity,Central Warm-Air Furnace,>20 Years old,5,Electricity,Medium,True,5,20,998,998,15497,22
1979,Wood,Composition Shingles,2,Electricity,Central Warm-Air Furnace,10-14 Years old,4,Natural Gas,Small,True,4,30,2028,1620,7407,12
1985,Siding,Composition Shingles,2,Electricity,Heat Pump,>20 Years old,5,Electricity,Medium,True,5,30,1641,1641,10242,22
2005,Brick,Metal,2,Electricity,Central Warm-Air Furnace,5-9 Years old,4,Natural Gas,Small,True,4,30,1525,1525,4471,7
2000,Brick,Unknown,3,Electricity,Central Warm-Air Furnace,10-14 Years old,7,Electricity,Medium,True,7,30,1194,1194,11397,12
2002,Concrete,Composition Shingles,4,Natural Gas,Heat Pump,5-9 Years old,6,Natural Gas,Small,True,3,41,2560,1280,9106,7
1950,Brick,Asphalt,4,Natural Gas,Central Warm-Air Furnace,>20 Years old,9,Natural Gas,Medium,True,7,41,2627,2236,9916,22
1968,Stucco,Composition Shingles,4,-,Central Warm-Air Furnace,5-9 Years old,7,Natural Gas,Medium,True,7,41,2035,2035,8892,7
1950,Brick,Composition Shingles,3,Natural Gas,Central Warm-Air Furnace,2-4 Years old,5,Natural Gas,Medium,True,5,30,1050,1050,11897,3
1970,Siding,Metal,3,Electricity,Central Warm-Air Furnace,10-14 Years old,2,Electricity,Large,True,2,30,413,413,14768,12
1965,Siding,Composition Shingles,3,Electricity,Central Warm-Air Furnace,>20 Years old,5,Natural Gas,Medium,True,5,41,936,936,7425,22
1960,Brick,Wood Shingles,2,Electricity,Central Warm-Air Furnace,5-9 Years old,5,Electricity,Medium,True,5,30,1104,1104,14835,7
1992,Brick,Asphalt,2,Electricity,Heat Pump,15-19 Years old,7,Electricity,Medium,True,7,41,2200,2200,19271,17
1962,Siding,Metal,3,Electricity,Central Warm-Air Furnace,5-9 Years old,4,Natural Gas,Medium,True,4,41,1542,1079,10019,7
1960,Brick,Composition Shingles,4,Electricity,Central Warm-Air Furnace,10-14 Years old,7,Natural Gas,Medium,True,7,41,3009,3009,15370,12
2005,Brick,Unknown,2,Electricity,Central Warm-Air Furnace,2-4 Years old,5,Electricity,Large,True,5,42,700,700,4119,3
1977,Brick,Composition Shingles,3,Electricity,Central Warm-Air Furnace,>20 Years old,6,Electricity,Large,True,6,41,1777,1777,23453,22
1989,Stucco,Composition Shingles,3,Electricity,Central Warm-Air Furnace,10-14 Years old,7,Electricity,Medium,True,7,41,2028,2028,18779,12
1986,Siding,Composition Shingles,2,Natural Gas,Central Warm-Air Furnace,<2 Years old,5,Electricity,Medium,True,5,41,1370,1370,10910,1
1997,Siding,Wood Shingles,3,Electricity,Central Warm-Air Furnace,10-14 Years old,6,Electricity,Large,True,6,41,1920,1920,25087,12
1978,Stucco,Composition Shingles,3,Electricity,Central Warm-Air Furnace,2-4 Years old,8,Electricity,Large,True,8,41,1354,1354,20666,3
1970,Brick,Unknown,2,Electricity,Central Warm-Air Furnace,>20 Years old,5,Electricity,Small,True,6,20,1134,1361,11158,22
2004,Concrete,Composition Shingles,4,Electricity,Central Warm-Air Furnace,2-4 Years old,8,Electricity,Medium,True,8,30,2760,2760,11765,3
1976,Brick,Composition Shingles,3,-,Central Warm-Air Furnace,2-4 Years old,7,Natural Gas,Large,True,7,50,1589,1589,16980,3
1985,Siding,Composition Shingles,2,Electricity,Central Warm-Air Furnace,>20 Years old,5,Natural Gas,Medium,True,5,30,1212,1212,4278,22
1976,Brick,Composition Shingles,4,Electricity,Central Warm-Air Furnace,2-4 Years old,8,Natural Gas,Medium,True,8,42,2387,2387,3070,3
1955,Brick,Composition Shingles,4,Electricity,Heat Pump,5-9 Years old,8,Electricity,Large,True,8,42,3506,3506,21335,7
1978,Brick,Unknown,2,Electricity,Central Warm-Air Furnace,10-14 Years old,4,Electricity,Medium,True,4,20,854,854,5196,12
1979,Stucco,Asphalt,4,Electricity,Central Warm-Air Furnace,>20 Years old,5,Natural Gas,Medium,True,5,30,2349,2349,7525,22
2004,Brick,Unknown,3,Electricity,Central Warm-Air Furnace,5-9 Years old,5,Electricity,Large,True,5,20,1169,1169,18089,7
1942,Brick,Wood Shingles,2,Natural Gas,Central Warm-Air Furnace,5-9 Years old,4,Electricity,Medium,True,4,30,1224,1224,15684,7
1976,Wood,Composition Shingles,3,Electricity,Central Warm-Air Furnace,<2 Years old,6,Natural Gas,Medium,True,6,20,1472,1472,8104,1
1986,Stucco,Wood Shingles,3,Electricity,Central Warm-Air Furnace,2-4 Years old,5,Natural Gas,Medium,True,5,30,1132,1132,8106,3
1990,Wood,Composition Shingles,3,Electricity,Central Warm-Air Furnace,>20 Years old,5,Natural Gas,Small,True,5,41,1307,1307,5826,22
1988,Siding,Composition Shingles,3,Electricity,Heat Pump,>20 Years old,6,Electricity,Medium,True,6,30,1605,1605,10985,22
1970,Wood,Composition Shingles,2,Electricity,Central Warm-Air Furnace,10-14 Years old,4,Electricity,Large,True,4,41,1247,1247,11033,12
1950,Siding,Composition Shingles,3,Natural Gas,Central Warm-Air Furnace,2-4 Years old,6,Natural Gas,Medium,True,6,41,1255,1255,7896,3
1961,Brick,Composition Shingles,3,Natural Gas,Central Warm-Air Furnace,5-9 Years old,5,Natural Gas,Medium,True,5,41,1190,1190,9713,7
1997,Siding,Asphalt,3,Natural Gas,Central Warm-Air Furnace,10-14 Years old,5,Electricity,Medium,True,5,30,1216,1216,11986,12
2001,Siding,Composition Shingles,3,Electricity,Heat Pump,5-9 Years old,7,Electricity,Medium,True,7,41,2122,2122,21321,7
1970,Brick,Composition Shingles,4,-,Central Warm-Air Furnace,2-4 Years old,8,Natural Gas,Small,True,8,41,1738,1738,13656,3
1940,Siding,Asphalt,4,Electricity,Central Warm-Air Furnace,<2 Years old,8,Electricity,Medium,True,7,41,1810,1584,18869,1
1955,Siding,Composition Shingles,3,Electricity,Heat Pump,<2 Years old,5,Electricity,Small,True,5,41,988,988,13160,1
1985,Stucco,Wood Shingles,3,Electricity,Central Warm-Air Furnace,2-4 Years old,5,Natural Gas,Medium,True,5,30,1224,1224,11295,3
1960,Siding,Asphalt,3,Electricity,Central Warm-Air Furnace,2-4 Years old,6,Natural Gas,Medium,True,6,30,1200,1200,10167,3
1957,Siding,Composition Shingles,3,Electricity,Central Warm-Air Furnace,<2 Years old,7,Electricity,Large,True,7,50,1683,1683,13789,1
1971,Siding,Metal,3,Electricity,Central Warm-Air Furnace,10-14 Years old,5,Electricity,Medium,True,5,41,1152,1152,16246,12
1941,Brick,Asphalt,2,Natural Gas,Heat Pump,5-9 Years old,7,Natural Gas,Medium,True,7,50,1458,1458,3750,7
1970,Stucco,Unknown,2,Electricity,Central Warm-Air Furnace,5-9 Years old,5,Electricity,Large,True,5,41,1365,1365,8426,7
1979,Wood,Wood Shingles,3,Electricity,Heat Pump,2-4 Years old,6,Electricity,Medium,True,6,50,1260,1260,18893,3
1997,Brick,Unknown,2,Electricity,Central Warm-Air Furnace,5-9 Years old,5,Natural Gas,Medium,True,5,42,1017,1017,3306,7
2005,Concrete,Asphalt,4,Electricity,Heat Pump,5-9 Years old,8,Electricity,Medium,True,8,41,3450,3450,22076,7
1963,Siding,Composition Shingles,4,-,Central Warm-Air Furnace,5-9 Years old,8,Natural Gas,Medium,True,8,50,3761,3400,6959,7
1967,Siding,Composition Shingles,4,Natural Gas,Central Warm-Air Furnace,5-9 Years old,8,Natural Gas,Medium,True,8,30,2374,2374,13663,7
1997,Stucco,Unknown,2,Natural Gas,Central Warm-Air Furnace,5-9 Years old,1,Natural Gas,Small,True,4,20,229,915,6621,7
1989,Siding,Composition Shingles,3,Electricity,Heat Pump,10-14 Years old,5,Electricity,Large,True,5,30,3360,3360,21234,12
1989,Wood,Unknown,2,Electricity,Central Warm-Air Furnace,10-14 Years old,5,Natural Gas,Small,True,5,20,722,722,3354,12
1968,Wood,Composition Shingles,3,Natural Gas,Central Warm-Air Furnace,5-9 Years old,6,Natural Gas,Large,True,6,50,1469,1469,5133,7
1946,Wood,Asphalt,4,Electricity,Central Warm-Air Furnace,>20 Years old,6,Natural Gas,Large,True,6,50,1470,1470,12995,22
1932,Siding,Wood Shingles,4,Natural Gas,Central Warm-Air Furnace,2-4 Years old,8,Natural Gas,Medium,True,8,30,1046,1046,10311,3
1982,Siding,Composition Shingles,3,Electricity,Central Warm-Air Furnace,>20 Years old,8,Natural Gas,Medium,True,8,30,3020,3020,9093,22
1980,Wood,Composition Shingles,3,Natural Gas,Central Warm-Air Furnace,>20 Years old,5,Natural Gas,Large,True,5,20,1783,1783,13645,22
1979,Wood,Asphalt,3,Natural Gas,Central Warm-Air Furnace,>20 Years old,6,Natural Gas,Medium,True,6,41,2496,2496,7823,22
1972,Brick,Unknown,2,Natural Gas,Central Warm-Air Furnace,5-9 Years old,4,Natural Gas,Large,True,4,30,1069,1069,4529,7
2005,Siding,Composition Shingles,3,Electricity,Central Warm-Air Furnace,2-4 Years old,6,Electricity,Medium,True,6,30,1296,1296,9129,3
1960,Brick,Unknown,2,Natural Gas,Central Warm-Air Furnace,>20 Years old,3,Natural Gas,Large,True,3,30,684,684,8397,22
2002,Siding,Wood Shingles,3,Natural Gas,Central Warm-Air Furnace,5-9 Years old,6,Natural Gas,Large,True,6,30,2636,2636,8890,7
1999,Brick,Composition Shingles,3,Electricity,Central Warm-Air Furnace,15-19 Years old,6,Electricity,Small,True,6,20,1422,1422,14625,17
1978,Siding,Asphalt,2,-,Central Warm-Air Furnace,10-14 Years old,5,Electricity,Small,True,5,41,1037,1037,6198,12
1972,Brick,Composition Shingles,3,Electricity,Central Warm-Air Furnace,10-14 Years old,6,Natural Gas,Medium,True,6,30,1576,1576,10558,12
1980,Siding,Unknown,3,Electricity,Central Warm-Air Furnace,5-9 Years old,6,Electricity,Medium,True,6,30,1616,1616,13086,7
1956,Siding,Composition Shingles,4,Electricity,Central Warm-Air Furnace,10-14 Years old,6,Natural Gas,Medium,True,6,41,830,830,11297,12
2005,Wood,Composition Shingles,2,Natural Gas,Central Warm-Air Furnace,5-9 Years old,4,Natural Gas,Medium,True,4,41,850,850,9054,7
1975,Wood,Unknown,2,Natural Gas,Central Warm-Air Furnace,2-4 Years old,4,Natural Gas,Medium,True,4,20,788,788,8305,3
1980,Wood,Composition Shingles,3,Electricity,Central Warm-Air Furnace,15-19 Years old,6,Electricity,Medium,True,6,41,1600,1600,17383,17
1950,Siding,Metal,2,Electricity,Heat Pump,2-4 Years old,5,Electricity,Small,True,5,30,2386,2386,24212,3
1954,Stucco,Wood Shingles,3,Natural Gas,Heat Pump,>20 Years old,6,Natural Gas,Large,True,5,30,1328,1328,11230,22
1997,Siding,Composition Shingles,3,Electricity,Heat Pump,10-14 Years old,4,Electricity,Large,True,4,41,2819,1717,23275,12
1960,Wood,Wood Shingles,2,Natural Gas,Central Warm-Air Furnace,5-9 Years old,8,Natural Gas,Large,True,8,41,2704,2704,10488,7
1965,Siding,Composition Shingles,2,Natural Gas,Central Warm-Air Furnace,>20 Years old,5,Natural Gas,Medium,True,4,41,1106,858,5957,22
1964,Brick,Asphalt,3,Electricity,Central Warm-Air Furnace,>20 Years old,7,Natural Gas,Large,True,7,41,2160,2160,9429,22
1985,Brick,Composition Shingles,3,Electricity,Heat Pump,>20 Years old,5,Electricity,Small,True,5,41,672,672,11137,22
1986,Wood,Composition Shingles,3,Electricity,Central Warm-Air Furnace,10-14 Years old,5,Electricity,Medium,True,5,30,2150,2150,13873,12
1921,Siding,Asphalt,2,Electricity,Central Warm-Air Furnace,5-9 Years old,5,Electricity,Medium,True,5,30,1298,1298,8187,7
1970,Brick,Composition Shingles,3,Electricity,Central Warm-Air Furnace,5-9 Years old,6,Electricity,Large,True,6,41,2061,2061,16172,7
1980,Brick,Unknown,3,Electricity,Central Warm-Air Furnace,>20 Years old,5,Electricity,Medium,True,5,20,1055,1055,11254,22
1997,Siding,Composition Shingles,3,Electricity,Central Warm-Air Furnace,15-19 Years old,6,Natural Gas,Medium,True,6,41,2148,2148,9398,17
1946,Stucco,Composition Shingles,4,-,Central Warm-Air Furnace,>20 Years old,8,Natural Gas,Large,True,8,50,2750,2750,15552,22
1980,Wood,Wood Shingles,3,Electricity,Heat Pump,<2 Years old,6,Electricity,Medium,True,6,50,1600,1600,14706,1
1950,Siding,Asphalt,3,Natural Gas,Central Warm-Air Furnace,10-14 Years old,6,Natural Gas,Medium,True,6,41,2304,2054,5321,12
2005,Stucco,Composition Shingles,3,Electricity,Central Warm-Air Furnace,2-4 Years old,7,Electricity,Large,True,7,41,2840,2840,13031,3
1996,Siding,Composition Shingles,3,-,Central Warm-Air Furnace,10-14 Years old,7,Natural Gas,Medium,True,7,41,2209,2209,14996,12
1969,Brick,Composition Shingles,3,-,Central Warm-Air Furnace,10-14 Years old,8,Natural Gas,Large,True,8,42,1560,1560,20500,12
1992,Brick,Composition Shingles,3,-,Central Warm-Air Furnace,15-19 Years old,6,Natural Gas,Medium,True,6,41,1780,1780,13531,17
1972,Brick,Composition Shingles,3,Electricity,Central Warm-Air Furnace,<2 Years old,6,Electricity,Medium,True,6,41,1596,1596,15762,1
1960,Siding,Wood Shingles,3,Natural Gas,Central Warm-Air Furnace,>20 Years old,7,Natural Gas,Medium,True,7,30,1022,1022,5513,22
1986,Brick,Composition Shingles,3,Electricity,Heat Pump,2-4 Years old,7,Electricity,Medium,True,7,42,1656,1656,13502,3
1960,Brick,Composition Shingles,4,Electricity,Central Warm-Air Furnace,2-4 Years old,7,Natural Gas,Medium,True,7,41,2060,1010,15589,3
1975,Stucco,Composition Shingles,2,Electricity,Central Warm-Air Furnace,>20 Years old,4,Natural Gas,Medium,True,4,42,1250,1250,5751,22
1950,Brick,Composition Shingles,2,Natural Gas,Central Warm-Air Furnace,>20 Years old,5,Natural Gas,Medium,True,5,41,1497,1510,10226,22
1975,Stucco,Composition Shingles,3,Electricity,Central Warm-Air Furnace,10-14 Years old,7,Natural Gas,Large,True,7,41,2360,2360,14017,12
1992,Siding,Wood Shingles,3,Natural Gas,Central Warm-Air Furnace,10-14 Years old,5,Electricity,Small,True,5,41,1280,1280,22261,12
1984,Stucco,Composition Shingles,3,Electricity,Central Warm-Air Furnace,>20 Years old,2,Electricity,Medium,True,3,41,823,1234,10682,22
1999,Siding,Asphalt,3,Electricity,Central Warm-Air Furnace,10-14 Years old,7,Natural Gas,Medium,True,7,42,2754,2754,15923,12
1930,Brick,Composition Shingles,3,Electricity,Central Warm-Air Furnace,10-14 Years old,6,Natural Gas,Medium,True,6,30,829,829,8587,12
2005,Siding,Composition Shingles,3,Electricity,Central Warm-Air Furnace,2-4 Years old,6,Electricity,Large,True,6,30,2152,2152,6988,3
1987,Siding,Composition Shingles,3,Electricity,Heat Pump,5-9 Years old,4,Electricity,Medium,True,4,30,1237,1237,14345,7
1997,Concrete,Wood Shingles,3,Electricity,Central Warm-Air Furnace,10-14 Years old,5,Electricity,Medium,True,5,41,1275,1275,16092,12
1995,Siding,Composition Shingles,3,Electricity,Central Warm-Air Furnace,10-14 Years old,5,Electricity,Medium,True,5,30,1138,1138,12557,12
1968,Wood,Composition Shingles,2,Electricity,Central Warm-Air Furnace,5-9 Years old,4,Natural Gas,Medium,True,4,20,1472,1472,5846,7
1987,Siding,Composition Shingles,3,Electricity,Heat Pump,>20 Years old,6,Electricity,Large,True,6,41,1649,1649,10602,22
2005,Siding,Asphalt,2,Electricity,Heat Pump,5-9 Years old,4,Electricity,Medium,True,4,30,1440,1440,10199,7
1974,Brick,Composition Shingles,3,Natural Gas,Central Warm-Air Furnace,>20 Years old,7,Natural Gas,Medium,True,7,41,3480,3480,12139,22
1975,Wood,Unknown,2,Electricity,Central Warm-Air Furnace,<2 Years old,4,Natural Gas,Small,True,4,50,884,884,4365,1
1927,Wood,Asphalt,2,Electricity,Central Warm-Air Furnace,5-9 Years old,5,Electricity,Medium,True,5,41,1044,1044,10409,7
1978,Siding,Metal,2,Electricity,Central Warm-Air Furnace,>20 Years old,5,Natural Gas,Small,True,5,30,816,816,4407,22
1999,Siding,Metal,3,Electricity,Central Warm-Air Furnace,10-14 Years old,5,Electricity,Medium,True,5,41,1280,1280,4798,12
